<?xml version="1.0" encoding="UTF-8"?>
<project-private xmlns="http://www.netbeans.org/ns/project-private/1">
    <editor-bookmarks xmlns="http://www.netbeans.org/ns/editor-bookmarks/2" lastBookmarkId="0"/>
    <open-files xmlns="http://www.netbeans.org/ns/projectui-open-files/2">
        <group>
            <file>file:/C:/Users/50664/Documents/NetBeansProjects/Tienda_ProductosB/src/Contenedores/contenedorproveedor.java</file>
            <file>file:/C:/Users/50664/Documents/NetBeansProjects/Tienda_ProductosB/src/frmMenu/Principal.java</file>
            <file>file:/C:/Users/50664/Documents/NetBeansProjects/Tienda_ProductosB/src/frmMenu/Menu_P.java</file>
            <file>file:/C:/Users/50664/Documents/NetBeansProjects/Tienda_ProductosB/src/Conexion_SQLBD/proveedorBD.java</file>
            <file>file:/C:/Users/50664/Documents/NetBeansProjects/Tienda_ProductosB/src/frmMenu/Proveedores.java</file>
            <file>file:/C:/Users/50664/Documents/NetBeansProjects/Tienda_ProductosB/src/frmMenu/Ingresar.java</file>
            <file>file:/C:/Users/50664/Documents/NetBeansProjects/Tienda_ProductosB/src/Clases_Proyecto/Clientes.java</file>
            <file>file:/C:/Users/50664/Documents/NetBeansProjects/Tienda_ProductosB/src/Cliente/Persona.java</file>
            <file>file:/C:/Users/50664/Documents/NetBeansProjects/Tienda_ProductosB/src/Conexion_SQLBD/DataBaseConexion.java</file>
            <file>file:/C:/Users/50664/Documents/NetBeansProjects/Tienda_ProductosB/src/Clases_Proyecto/Tb_material.java</file>
            <file>file:/C:/Users/50664/Documents/NetBeansProjects/Tienda_ProductosB/src/Solicitud/Menu.java</file>
            <file>file:/C:/Users/50664/Documents/NetBeansProjects/Tienda_ProductosB/src/Contenedores/ComtenedorClientes.java</file>
        </group>
    </open-files>
</project-private>
